{"cameraMode":{"drawMode":0,"name":"Shaded","section":"Shading Mode"},"sceneLighting":true,"audioPlay":false,"sceneViewState":{"showFog":true,"showMaterialUpdate":false,"showSkybox":true,"showFlares":true,"showImageEffects":true,"showParticleSystems":true},"in2DMode":false,"pivot":{"x":-0.3223148286342621,"y":-1.2927625179290772,"z":1.2518486976623536},"rotation":{"x":-0.15345168113708497,"y":-0.7563289403915405,"z":0.19135569036006928,"w":-0.6064900159835815},"size":10.640497207641602,"orthographic":false}