{"cameraMode":{"drawMode":0,"name":"Shaded","section":"Shading Mode"},"sceneLighting":true,"audioPlay":false,"sceneViewState":{"showFog":true,"showMaterialUpdate":true,"showSkybox":true,"showFlares":true,"showImageEffects":true,"showParticleSystems":true},"in2DMode":false,"pivot":{"x":1.6288193464279175,"y":-3.6013143062591554,"z":-0.5596641302108765},"rotation":{"x":-0.3302861154079437,"y":-0.42255353927612307,"z":0.16911542415618897,"w":-0.8270376920700073},"size":13.403141975402832,"orthographic":false}