{"cameraMode":{"drawMode":0,"name":"Shaded","section":"Shading Mode"},"sceneLighting":true,"audioPlay":false,"sceneViewState":{"showFog":true,"showMaterialUpdate":false,"showSkybox":true,"showFlares":true,"showImageEffects":true,"showParticleSystems":true},"in2DMode":false,"pivot":{"x":-0.3710966110229492,"y":0.16702383756637574,"z":1.7187094688415528},"rotation":{"x":-0.11481963098049164,"y":0.04885212332010269,"z":-0.0056346324272453789,"w":-0.9921949505805969},"size":16.112306594848634,"orthographic":false}