{"cameraMode":{"drawMode":0,"name":"Shaded","section":"Shading Mode"},"sceneLighting":true,"audioPlay":false,"sceneViewState":{"showFog":true,"showMaterialUpdate":true,"showSkybox":true,"showFlares":true,"showImageEffects":true,"showParticleSystems":true},"in2DMode":false,"pivot":{"x":0.013570666313171387,"y":-1.5791277885437012,"z":1.7364038228988648},"rotation":{"x":-0.1395513117313385,"y":0.23240789771080018,"z":-0.033512961119413379,"w":-0.9620316624641419},"size":30.5522518157959,"orthographic":false}