{"cameraMode":{"drawMode":0,"name":"Shaded","section":"Shading Mode"},"sceneLighting":true,"audioPlay":false,"sceneViewState":{"showFog":true,"showMaterialUpdate":true,"showSkybox":true,"showFlares":true,"showImageEffects":true,"showParticleSystems":true},"in2DMode":false,"pivot":{"x":0.8309668898582459,"y":-0.9169134497642517,"z":0.4419192671775818},"rotation":{"x":-0.2774096727371216,"y":-0.2827885150909424,"z":0.08590417355298996,"w":-0.9143165349960327},"size":17.096452713012697,"orthographic":false}