{"cameraMode":{"drawMode":0,"name":"Shaded","section":"Shading Mode"},"sceneLighting":true,"audioPlay":false,"sceneViewState":{"showFog":true,"showMaterialUpdate":true,"showSkybox":true,"showFlares":true,"showImageEffects":true,"showParticleSystems":true},"in2DMode":false,"pivot":{"x":-0.18783922493457795,"y":-2.0784661769866945,"z":0.9484035968780518},"rotation":{"x":-0.38151612877845766,"y":0.022333087399601938,"z":-0.008866582997143269,"w":-0.9241509437561035},"size":8.976561546325684,"orthographic":false}