{"cameraMode":{"drawMode":0,"name":"Shaded","section":"Shading Mode"},"sceneLighting":true,"audioPlay":false,"sceneViewState":{"showFog":true,"showMaterialUpdate":false,"showSkybox":true,"showFlares":true,"showImageEffects":true,"showParticleSystems":true},"in2DMode":false,"pivot":{"x":1.2448228597640992,"y":-0.00371658056974411,"z":-0.2794213891029358},"rotation":{"x":-0.2588530480861664,"y":-0.1919965296983719,"z":0.0525788888335228,"w":-0.9451879858970642},"size":14.517269134521485,"orthographic":false}