{"cameraMode":{"drawMode":0,"name":"Shaded","section":"Shading Mode"},"sceneLighting":true,"audioPlay":false,"sceneViewState":{"showFog":true,"showMaterialUpdate":true,"showSkybox":true,"showFlares":true,"showImageEffects":true,"showParticleSystems":true},"in2DMode":false,"pivot":{"x":-0.1292322278022766,"y":-3.0892586708068849,"z":-0.04611099138855934},"rotation":{"x":-0.3792274594306946,"y":-0.461034893989563,"z":0.22764204442501069,"w":-0.7694489359855652},"size":10.859869003295899,"orthographic":false}